id;name;load_nuber;shipment_number;bol;status
1;mobile Fish;Home Loan Account Table Computer;Trace;Savings Account alarm;DELIVERED
2;Electronics;Soap methodology Albania;Home Namibia;Steel zero administration;ONROAD
3;syndicate;Mississippi Refined Rubber Chicken Table;Automotive;Planner cross-platform access;PICKEDUP
4;Bahamian Dollar Investment Account;Games Regional Digitized;copy convergence;Mayotte;DELIVERED
5;Views e-enable Communications;National Awesome sky blue;Tactics;scale interactive generating;PICKEDUP
6;scalable;Small;deliverables reinvent 24 hour;overriding;DELIVERED
7;deposit Internal;Investment Account archive Fantastic Plastic Chicken;payment;withdrawal COM;DELIVERED
8;hard drive Robust Networked;Poland;Small partnerships;Outdoors;DELIVERED
9;Concrete Investment Account Saint Lucia;User-centric;Money Market Account;Salad Web virtual;PICKEDUP
10;e-business;Ghana back-end National;Direct;Profit-focused;PICKEDUP
