id;company;first_name;last_name;email;phone_number;insurance_provider
1;Practical Wooden Shirt whiteboard Concrete;Verlie;Wiegand;Palma58@hotmail.com;41758;SCSI Communications Underpass
2;Officer parse;Aniyah;Fay;Turner.Smitham@yahoo.com;60773;Avon Automated Shirt
3;Electronics;Verner;Satterfield;Federico62@hotmail.com;96910;EXE
4;Personal Loan Account Chile foreground;Jordon;Rosenbaum;Maurice89@yahoo.com;81583;Pre-emptive Reduced
5;Kids Customer;Ryley;Bosco;Serenity27@yahoo.com;12951;HTTP Configuration
6;Jewelery monitoring Infrastructure;Murray;Bogisich;Hailey.Fritsch@gmail.com;25975;protocol Borders Tasty
7;Handcrafted;Sofia;Blick;Rowland_Berge@hotmail.com;48058;Virginia generating
8;payment Mayotte;Sam;Gleason;Shakira_Lebsack65@hotmail.com;24528;Pizza Fish next-generation
9;UIC-Franc;Marilou;Breitenberg;Maximillia15@yahoo.com;88163;Accountability Burg SAS
10;Fresh;Estrella;Farrell;Sylvan81@hotmail.com;55618;generate Adaptive black
