id;company;first_name;last_name;email;dot;mc;phone_number;address;street_address;city;state_province;country;postal_code;billing_address_id
1;hack Electronics Oklahoma;Nona;Kunde;Nico82@hotmail.com;53648;11063;37882;Creek Investment Account Buckinghamshire;Shoes Intuitive;Olgachester;payment;CANADA;port Money Market Account;1
2;Chips National Idaho;Gregorio;Jones;Edward.White@yahoo.com;91185;58622;13911;Generic Advanced;HDD Security Virginia;Patrickside;alarm;MEXICO;maximize Practical Steel Fish;2
3;Configuration;Tianna;Vandervort;Boyd98@yahoo.com;16552;83889;18632;programming;FTP;Danikastad;seize Handmade Plastic Mouse;MEXICO;Money Market Account;3
4;synergize;Kaitlyn;Stracke;Therese.Hegmann@hotmail.com;48083;73750;91845;Idaho Grocery;Concrete Towels Avon;North Tavares;integrated;USA;red olive;4
5;Chips Division;Calista;Lynch;Sabina_Bogan@yahoo.com;18446;50219;29959;application scale;indigo National;South Clarkstad;grow;CANADA;Gorgeous Soft Fish Mountain;5
6;Japan Knoll;Jerrold;Macejkovic;Carlee33@hotmail.com;86178;7550;94611;morph tertiary payment;auxiliary Liaison;Rauhaven;web-readiness Cyprus;USA;Moldovan Leu;6
7;Checking Account;Euna;Schmidt;Chauncey_Torphy@yahoo.com;23818;72081;9944;Visionary pixel SAS;Markets Branding Concrete;West Enrique;Small deposit microchip;USA;Salad;7
8;withdrawal circuit;Talon;Schumm;Evans82@yahoo.com;37969;36305;59029;solution-oriented;best-of-breed generate;South Sabryna;lavender;MEXICO;Wooden COM Cambridgeshire;8
9;Squares Table Avon;Jolie;Gleichner;Kara.Price@hotmail.com;25788;21802;13935;navigating Liaison;Corporate Lari;Aidanfort;Bouvet Island (Bouvetoya) generating Bedfordshire;CANADA;withdrawal calculating;9
10;Small;Brooke;Collins;Stella_Gleason59@gmail.com;25073;60051;63309;Bedfordshire Virginia;niches drive Ireland;West Cassieshire;Car Generic compress;CANADA;grid-enabled ubiquitous monitor;10
