id;company;first_name;last_name;email;phone_number;licence_number;dob
1;Money Market Account;Willard;Macejkovic;Betty_Gerlach@yahoo.com;907;53998;2019-11-14
2;Wooden radical Beauty;Hollie;Windler;Eve.Hudson@hotmail.com;93202;75369;2019-11-15
3;Directives Baht Tasty Plastic Keyboard;Melissa;Russel;Mellie.McClure@gmail.com;5792;62091;2019-11-15
4;SCSI;Yessenia;Wiza;Vivienne_Kilback13@hotmail.com;59439;75826;2019-11-14
5;Small Fresh Gloves;Gaetano;Kuhlman;Ola.Fritsch44@hotmail.com;15893;27362;2019-11-14
6;Group Practical GB;Julianne;Schimmel;Matt83@hotmail.com;8238;77282;2019-11-14
7;deposit;Dorcas;Stroman;Vincenza43@hotmail.com;73127;94361;2019-11-14
8;THX Coordinator;Noel;Goldner;Wilson.Hagenes@yahoo.com;89409;72442;2019-11-15
9;teal Outdoors payment;Freida;MacGyver;Janis_Kozey@hotmail.com;15924;18552;2019-11-15
10;Licensed Cheese Summit;Justice;Rowe;Lisandro29@gmail.com;3252;91183;2019-11-14
