id;address;street_address;city;state_province;country;postal_code
1;Savings Account online Avon;Savings Account;Marleyberg;Hawaii Networked;USA;Kentucky maximized
2;e-tailers Architect Chair;Handcrafted Cotton Shirt Walks;Mireilleburgh;El Salvador Colon US Dollar XSS;MEXICO;sensor
3;Rustic Configurable Planner;Health;New Corrine;efficient back up Tactics;CANADA;Unbranded revolutionary
4;bypassing;monetize Frozen;Colemanchester;neural green Chicken;MEXICO;Metal Lead
5;Communications Generic Granite Gloves;Accountability Assurance Auto Loan Account;Hauckstad;Avon invoice Malta;MEXICO;Manors deposit Central African Republic
6;markets protocol Savings Account;Shoes HDD;West Wernerview;override PNG;CANADA;Avon
7;Clothing deposit;Designer;Kulasfurt;maroon;USA;web-readiness
8;Switchable;Pizza Assurance;Lake Roscoe;Money Market Account array;MEXICO;Awesome Fresh Hat New Jersey
9;Clothing target;HDD Forward;New Doyle;Iowa National grey;CANADA;calculating Customer-focused
10;interface Investor Tuna;redefine;Chetbury;Sleek Cotton Bike Refined deploy;CANADA;open-source Checking Account
