id;company;first_name;last_name;dot;mc;email;phone_number;insurance_provider
1;Home Loan Account;Ursula;Krajcik;39664;66367;Trenton.Collier21@hotmail.com;26991;Equatorial Guinea
2;Auto Loan Account;Amelie;Stamm;49636;95523;Carissa_Hartmann@yahoo.com;47423;robust
3;interface Buckinghamshire;Martina;Metz;43482;45968;Ardella79@gmail.com;233;Engineer Toys Fantastic
4;Licensed;Terrance;Windler;13681;79001;Maryjane.Kilback@hotmail.com;8670;Accountability input
5;1080p payment;Mathias;Nienow;84919;98057;Stewart.Kuhlman@gmail.com;69317;Tasty Metal Chair Handcrafted Rubber Sausages Officer
6;Mississippi Product;Alexys;Cartwright;69742;73102;Clay97@gmail.com;42176;online program Refined Granite Gloves
7;quantifying Baby;Laurine;Hettinger;23000;56067;Jayde_Blick53@gmail.com;33987;interface Awesome Plastic Bacon
8;Senegal withdrawal;Myrl;Muller;52016;88597;Levi41@yahoo.com;2440;JBOD Books
9;sky blue matrix Data;Anthony;Zulauf;948;35071;Obie.Bogisich@gmail.com;47987;Home Loan Account AGP
10;drive Practical killer;Joyce;Rippin;73227;23877;Berniece.Konopelski@gmail.com;28723;paradigm Persevering Gorgeous Steel Salad
